{
  "layer17_head11": {
    "layer": 17,
    "head": 11,
    "score": 0.7022900763358778,
    "sigma": 7.473237991333008,
    "theta_norm": 6.4503912925720215
  },
  "layer17_head7": {
    "layer": 17,
    "head": 7,
    "score": 0.6793893129770993,
    "sigma": 28.00676155090332,
    "theta_norm": 9.493346214294434
  },
  "layer17_head13": {
    "layer": 17,
    "head": 13,
    "score": 0.6793893129770993,
    "sigma": 10.483447074890137,
    "theta_norm": 7.764305114746094
  },
  "layer17_head2": {
    "layer": 17,
    "head": 2,
    "score": 0.6755725190839694,
    "sigma": 7.358315467834473,
    "theta_norm": 6.090507984161377
  },
  "layer17_head3": {
    "layer": 17,
    "head": 3,
    "score": 0.6717557251908397,
    "sigma": 6.735105991363525,
    "theta_norm": 5.629372596740723
  },
  "layer17_head14": {
    "layer": 17,
    "head": 14,
    "score": 0.6717557251908397,
    "sigma": 7.826254844665527,
    "theta_norm": 6.467622756958008
  },
  "layer17_head0": {
    "layer": 17,
    "head": 0,
    "score": 0.6641221374045801,
    "sigma": 7.403956890106201,
    "theta_norm": 6.52438497543335
  },
  "layer17_head9": {
    "layer": 17,
    "head": 9,
    "score": 0.6603053435114504,
    "sigma": 7.624912261962891,
    "theta_norm": 6.091427326202393
  },
  "layer17_head12": {
    "layer": 17,
    "head": 12,
    "score": 0.6603053435114504,
    "sigma": 6.788446426391602,
    "theta_norm": 6.3370680809021
  },
  "layer17_head10": {
    "layer": 17,
    "head": 10,
    "score": 0.6564885496183206,
    "sigma": 7.060061931610107,
    "theta_norm": 6.022361755371094
  }
}